{"count":1,"self":14.2496896,"total":62.615965499999994,"children":{"InitializeActuators":{"count":1,"self":0.0015221,"total":0.0015221,"children":null},"InitializeSensors":{"count":1,"self":0.137457,"total":0.137457,"children":null},"AgentSendState":{"count":867,"self":0.8137677,"total":2.7981134,"children":{"CollectObservations":{"count":174,"self":0.0010077999999999999,"total":0.0010077999999999999,"children":null},"WriteActionMask":{"count":174,"self":0.0010000999999999999,"total":0.0010000999999999999,"children":null},"RequestDecision":{"count":174,"self":0.0060418,"total":1.9823377999999998,"children":{"AgentInfo.ToProto":{"count":174,"self":0.012743899999999999,"total":1.9762959999999998,"children":{"GenerateSensorData":{"count":174,"self":0.0536925,"total":1.9635520999999998,"children":{"CameraSensor.GetCompressedObservation":{"count":174,"self":1.9098595999999999,"total":1.9098595999999999,"children":null}}}}}}}}},"DecideAction":{"count":867,"self":45.4230528,"total":45.423053499999995,"children":null},"AgentAct":{"count":867,"self":0.0045683999999999994,"total":0.0045683999999999994,"children":null}},"gauges":{},"metadata":{"timer_format_version":"0.1.0","start_time_seconds":"1733729844","unity_version":"2023.2.0f1","command_line_arguments":"C:\\Users\\ADMIN\\Desktop\\New folder\\unity\\2023.2.0f1\\Editor\\Unity.exe -projectpath C:\\Users\\ADMIN\\Desktop\\New folder\\unity\\Quadcopter-Controller-master\\Quadcopter-Controller-master -useHub -hubIPC -cloudEnvironment production","communication_protocol_version":"1.5.0","com.unity.ml-agents_version":"3.0.0","scene_name":"New Scene","end_time_seconds":"1733729907"}}